{"cameraMode":{"drawMode":0,"name":"Shaded","section":"Shading Mode"},"sceneLighting":false,"audioPlay":false,"sceneViewState":{"showFog":true,"showMaterialUpdate":false,"showSkybox":true,"showFlares":true,"showImageEffects":true,"showParticleSystems":true},"in2DMode":false,"pivot":{"x":0.48227691650390627,"y":1.5036630630493165,"z":6.732886791229248},"rotation":{"x":-0.13052299618721009,"y":0.8297299146652222,"z":-0.21789400279521943,"w":-0.4970254600048065},"size":2.8578836917877199,"orthographic":false}