{"cameraMode":{"drawMode":0,"name":"Shaded","section":"Shading Mode"},"sceneLighting":true,"audioPlay":false,"sceneViewState":{"showFog":true,"showMaterialUpdate":false,"showSkybox":true,"showFlares":true,"showImageEffects":true,"showParticleSystems":true},"in2DMode":false,"pivot":{"x":-14.437728881835938,"y":-13.017593383789063,"z":1.4867000579833985},"rotation":{"x":-0.13052299618721009,"y":0.8297299146652222,"z":-0.21789400279521943,"w":-0.4970254600048065},"size":196.2749786376953,"orthographic":false}